Interval,GMTIntervalEnd,Settlement Location,Pnode,LMP,MLC,MCC,MEC
01/26/2025 08:05:00,01/26/2025 14:05:00,AESO,AESO,31.6227,0.4020,0.0000,31.2207
01/26/2025 08:05:00,01/26/2025 14:05:00,AVA,AVA,31.6480,0.4274,0.0000,31.2206
01/26/2025 08:05:00,01/26/2025 14:05:00,AVRN,AVRN,31.7150,0.4943,0.0000,31.2207
01/26/2025 08:05:00,01/26/2025 14:05:00,AZPS,APS,32.1513,0.9307,0.0000,31.2206
01/26/2025 08:05:00,01/26/2025 14:05:00,BANC,BANC,31.8779,0.6573,0.0000,31.2206
01/26/2025 08:05:00,01/26/2025 14:05:00,BCHA,BCHA,31.6772,0.4566,0.0000,31.2206
01/26/2025 08:05:00,01/26/2025 14:05:00,BPA,BPA,31.7054,0.4848,0.0000,31.2206
01/26/2025 08:05:00,01/26/2025 14:05:00,CEN,CEN,32.1036,0.8830,0.0000,31.2206
01/26/2025 08:05:00,01/26/2025 14:05:00,CHPD,CHPD,31.6904,0.4698,0.0000,31.2206
01/26/2025 08:05:00,01/26/2025 14:05:00,CISO,CISO,31.9462,0.7256,0.0000,31.2206
01/26/2025 08:05:00,01/26/2025 14:05:00,DEAA,DEAA,32.1468,0.9262,0.0000,31.2206
01/26/2025 08:05:00,01/26/2025 14:05:00,DOPD,DOPD,31.6867,0.4661,0.0000,31.2206
01/26/2025 08:05:00,01/26/2025 14:05:00,EPE,EPE,32.2755,1.0549,0.0000,31.2206
01/26/2025 08:05:00,01/26/2025 14:05:00,GCPD,GCPD,31.6929,0.4723,0.0000,31.2206
01/26/2025 08:05:00,01/26/2025 14:05:00,GRID,GRID,31.8693,0.6487,0.0000,31.2206
01/26/2025 08:05:00,01/26/2025 14:05:00,GWA,GWA,31.5244,0.3038,0.0000,31.2206
01/26/2025 08:05:00,01/26/2025 14:05:00,HGMA,HGMA,32.1468,0.9262,0.0000,31.2206
01/26/2025 08:05:00,01/26/2025 14:05:00,IID,IID,32.0970,0.8763,0.0000,31.2207
01/26/2025 08:05:00,01/26/2025 14:05:00,IPCO,IPCO,31.7165,0.4959,0.0000,31.2206
01/26/2025 08:05:00,01/26/2025 14:05:00,LADWP,LADWP,32.0331,0.8125,0.0000,31.2206
01/26/2025 08:05:00,01/26/2025 14:05:00,LAMW,LAMW,27.6619,-3.5587,0.0000,31.2206
01/26/2025 08:05:00,01/26/2025 14:05:00,MCDC,MCDC,29.9029,-1.3177,0.0000,31.2206
01/26/2025 08:05:00,01/26/2025 14:05:00,NEVP,NVE,32.0327,0.8120,0.0000,31.2207
01/26/2025 08:05:00,01/26/2025 14:05:00,NWMT,NWMT,31.4535,0.2329,0.0000,31.2206
01/26/2025 08:05:00,01/26/2025 14:05:00,PACE,PACE,31.5838,0.3631,0.0000,31.2207
01/26/2025 08:05:00,01/26/2025 14:05:00,PACW,PACW,31.7377,0.5171,0.0000,31.2206
01/26/2025 08:05:00,01/26/2025 14:05:00,PGAE,CISO,31.9462,0.7256,0.0000,31.2206
01/26/2025 08:05:00,01/26/2025 14:05:00,PGE,PGE,31.7239,0.5032,0.0000,31.2207
01/26/2025 08:05:00,01/26/2025 14:05:00,PNM,PNM,32.3311,1.1105,0.0000,31.2206
01/26/2025 08:05:00,01/26/2025 14:05:00,PSCO.BHCE.AIRPORTDL,PSCOBHCEAPTPARKPLT1,30.0265,-1.1942,0.0000,31.2207
01/26/2025 08:05:00,01/26/2025 14:05:00,PSCO.BHCE.BRWF1,PSCORATLSNKUNRATLSNK1_WIND_RA,30.1718,-1.0488,0.0000,31.2206
01/26/2025 08:05:00,01/26/2025 14:05:00,PSCO.BHCE.BRWF2,PSCOBRW2UNRATLSNK2_WIND_RA,30.1659,-1.0547,0.0000,31.2206
01/26/2025 08:05:00,01/26/2025 14:05:00,PSCO.BHCE.PAGS1,PSCOBACUMESAUNBACUMESA_1_RA,29.9300,-1.2906,0.0000,31.2206
01/26/2025 08:05:00,01/26/2025 14:05:00,PSCO.BHCE.PAGS2,PSCOBACUMESAUNBACUMESA_2_RA,29.9307,-1.2899,0.0000,31.2206
01/26/2025 08:05:00,01/26/2025 14:05:00,PSCO.BHCE.PAGS4,PSCOBHCEBACUMESAPLT1,29.9082,-1.3124,0.0000,31.2206
01/26/2025 08:05:00,01/26/2025 14:05:00,PSCO.BHCE.PAGS5,PSCOBHCEBACUMESAPLT2,29.9277,-1.2929,0.0000,31.2206
01/26/2025 08:05:00,01/26/2025 14:05:00,PSCO.BHCE.PAGS6,PSCOBACUMESAUNCT6_RA,29.9895,-1.2311,0.0000,31.2206
01/26/2025 08:05:00,01/26/2025 14:05:00,PSCO.BHCE.PEAKVIEW,PSCOPEAKVWBHUNPEAKVW_WIND_RA,30.1792,-1.0414,0.0000,31.2206
01/26/2025 08:05:00,01/26/2025 14:05:00,PSCO.BHCE.PPLANTDL,PSCOBHCEPUEBPLT1,30.2950,-0.9256,0.0000,31.2206
01/26/2025 08:05:00,01/26/2025 14:05:00,PSCO.BHCE.RFDIESEL,PSCOBHCERCKYFORDPLT1,30.1515,-1.0692,0.0000,31.2207
01/26/2025 08:05:00,01/26/2025 14:05:00,PSCO.CORE.HUNTER.SLR,PSCOBRICUNCOR_HUNTER_SLR_RA,30.7954,-0.4252,0.0000,31.2206
01/26/2025 08:05:00,01/26/2025 14:05:00,PSCO.CORE.PIONEER.SLR,PSCOPIONEERWUNPIONEER_SOLAR_RA,30.8566,-0.3640,0.0000,31.2206
01/26/2025 08:05:00,01/26/2025 14:05:00,PSCO.CORE.VICTORY.SLR,PSCOVICTRYUNVICTRY_SOLAR_RA,30.8841,-0.3365,0.0000,31.2206
01/26/2025 08:05:00,01/26/2025 14:05:00,PSCO.CSUM.PRPA_SCWIND,PSCOSPCAUNSPCYN_WND_CSU_RA,30.0748,-1.1459,0.0000,31.2207
01/26/2025 08:05:00,01/26/2025 14:05:00,PSCO.CSUM.PUEBLOHYDRO,PSCOPUEBRESVUNHYDRO_RA,30.2350,-0.9856,0.0000,31.2206
01/26/2025 08:05:00,01/26/2025 14:05:00,PSCO.GUZ.BRONCO,PSCOBRNCPLNSUNBRPL2_GUZ_RA,29.2861,-1.9345,0.0000,31.2206
01/26/2025 08:05:00,01/26/2025 14:05:00,PSCO.HCE.BLANCAPK.SLR,PSCO.HCE.BLANCAPK.SLR_H,32.6763,1.4556,0.0000,31.2207
01/26/2025 08:05:00,01/26/2025 14:05:00,PSCO.HCE.EAGLEVLY,PSCOCOOLUNEAGLEVL_RA,32.1354,0.9148,0.0000,31.2206
01/26/2025 08:05:00,01/26/2025 14:05:00,PSCO.HCE.HUNTER.SLR,PSCOBRICUNHCE_HUNTER_SLR_RA,30.7954,-0.4252,0.0000,31.2206
01/26/2025 08:05:00,01/26/2025 14:05:00,PSCO.HCE.ORCHARD,PSCOW_VINEUNORCHARD_RA,32.2271,1.0064,0.0000,31.2207
01/26/2025 08:05:00,01/26/2025 14:05:00,PSCO.HCGE.BRONCO,PSCOBRNCPLNSUNBRPL2_HCE_RA,29.2861,-1.9345,0.0000,31.2206
01/26/2025 08:05:00,01/26/2025 14:05:00,PSCO.PRPM_W.CRAIG1,PSCOCRG_PSCOUNPRPA_CRG_U1_RA,31.1307,-0.0899,0.0000,31.2206
01/26/2025 08:05:00,01/26/2025 14:05:00,PSCO.PRPM_W.CRAIG2,PSCOCRG_PSCOUNPRPA_CRG_U2_RA,31.1334,-0.0872,0.0000,31.2206
01/26/2025 08:05:00,01/26/2025 14:05:00,PSCO.PRPM_W.FLATS,PSCORAWHIDEUNFLATS_SOLAR_RA,30.4606,-0.7600,0.0000,31.2206
01/26/2025 08:05:00,01/26/2025 14:05:00,PSCO.PRPM_W.MEDICINEBOW,PSCO.PRPM_W.MEDICINEBOW_H,30.7743,-0.4463,0.0000,31.2206
01/26/2025 08:05:00,01/26/2025 14:05:00,PSCO.PRPM_W.PRAIRIE,PSCORAWHIDEUNPRAIRIE_SOLAR_RA,30.4606,-0.7600,0.0000,31.2206
01/26/2025 08:05:00,01/26/2025 14:05:00,PSCO.PRPM_W.RAWHIDE1,PSCORAWHIDEUNRAWHIDE_1_RA,30.4624,-0.7583,0.0000,31.2207
01/26/2025 08:05:00,01/26/2025 14:05:00,PSCO.PRPM_W.RAWHIDEA,PSCORAWHIDEUNRAWHIDE_A_RA,30.4624,-0.7583,0.0000,31.2207
01/26/2025 08:05:00,01/26/2025 14:05:00,PSCO.PRPM_W.RAWHIDEB,PSCORAWHIDEUNRAWHIDE_B_RA,30.4624,-0.7583,0.0000,31.2207
01/26/2025 08:05:00,01/26/2025 14:05:00,PSCO.PRPM_W.RAWHIDEC,PSCORAWHIDEUNRAWHIDE_C_RA,30.4624,-0.7583,0.0000,31.2207
01/26/2025 08:05:00,01/26/2025 14:05:00,PSCO.PRPM_W.RAWHIDED,PSCORAWHIDEUNRAWHIDE_D_RA,30.4624,-0.7583,0.0000,31.2207
01/26/2025 08:05:00,01/26/2025 14:05:00,PSCO.PRPM_W.RAWHIDEF,PSCORAWHIDEUNRAWHIDE_F_RA,30.4624,-0.7583,0.0000,31.2207
01/26/2025 08:05:00,01/26/2025 14:05:00,PSCO.PRPM_W.ROUNDHOUSE,PSCOROUNDHSEUNROUNDHSE_WND_RA,30.4631,-0.7575,0.0000,31.2206
01/26/2025 08:05:00,01/26/2025 14:05:00,PSCO.PSC.BCP2,PSCOPSCOCPP1PLT2,30.4473,-0.7733,0.0000,31.2206
01/26/2025 08:05:00,01/26/2025 14:05:00,PSCO.PSCM.ALAMOSA.SLR,PSCOMOSCUNALAMOSA_SOLAR_RA,33.0270,1.8064,0.0000,31.2206
01/26/2025 08:05:00,01/26/2025 14:05:00,PSCO.PSCM.ARAP567.CC,PSCOPSCOARAPPLT1,31.1731,-0.0475,0.0000,31.2206
01/26/2025 08:05:00,01/26/2025 14:05:00,PSCO.PSCM.ATERG1,PSCOATERUNALAMOSA_G1_RA,32.9745,1.7539,0.0000,31.2206
01/26/2025 08:05:00,01/26/2025 14:05:00,PSCO.PSCM.ATERG2,PSCOATERUNALAMOSA_G2_RA,32.9470,1.7264,0.0000,31.2206
01/26/2025 08:05:00,01/26/2025 14:05:00,PSCO.PSCM.BIGHORN.SLR,PSCOCOMAUNBIGHORN_SOLAR_RA,30.0698,-1.1508,0.0000,31.2206
01/26/2025 08:05:00,01/26/2025 14:05:00,PSCO.PSCM.BRPL.WND,PSCOBRNCPLNSUNBRONCOPLAINS_RA,29.3134,-1.9072,0.0000,31.2206
01/26/2025 08:05:00,01/26/2025 14:05:00,PSCO.PSCM.BRUSH1_3.CC,PSCOPSCOCPP1PLT3,30.4420,-0.7786,0.0000,31.2206
01/26/2025 08:05:00,01/26/2025 14:05:00,PSCO.PSCM.BRUSH4.CC,PSCOPSCOCPP1PLT1,30.4427,-0.7779,0.0000,31.2206
01/26/2025 08:05:00,01/26/2025 14:05:00,PSCO.PSCM.BSNGG1,PSCOBSNGUNBLUE_SPRUCE_1_RA,30.8297,-0.3909,0.0000,31.2206
01/26/2025 08:05:00,01/26/2025 14:05:00,PSCO.PSCM.BSNGG2,PSCOBSNGUNBLUE_SPRUCE_2_RA,30.8297,-0.3909,0.0000,31.2206
01/26/2025 08:05:00,01/26/2025 14:05:00,PSCO.PSCM.CABI_A,PSCOCABIUNCABIN_CRK_GA_RA,31.5867,0.3661,0.0000,31.2206
01/26/2025 08:05:00,01/26/2025 14:05:00,PSCO.PSCM.CABI_B,PSCOCABIUNCABIN_CRK_GB_RA,31.5867,0.3661,0.0000,31.2206
01/26/2025 08:05:00,01/26/2025 14:05:00,PSCO.PSCM.CED2.WND,PSCOCEDARCK1UNCEDAR_WIND_2_RA,30.3650,-0.8556,0.0000,31.2206
01/26/2025 08:05:00,01/26/2025 14:05:00,PSCO.PSCM.CEDC.WND,PSCOCEDARCK1UNCEDAR_WIND_1_RA,30.3650,-0.8556,0.0000,31.2206
01/26/2025 08:05:00,01/26/2025 14:05:00,PSCO.PSCM.CEPT.WND,PSCOCEPTUNCEDARPT_WIND_RA,29.7112,-1.5095,0.0000,31.2207
01/26/2025 08:05:00,01/26/2025 14:05:00,PSCO.PSCM.CHER567.CC,PSCOPSCOCHEROKEEPLT1,31.0137,-0.2069,0.0000,31.2206
01/26/2025 08:05:00,01/26/2025 14:05:00,PSCO.PSCM.CHERG4,PSCOCHEROKEEUNCHEROKEE_G4_RA,31.4292,0.2086,0.0000,31.2206
01/26/2025 08:05:00,01/26/2025 14:05:00,PSCO.PSCM.CHYE.WND,PSCOCHEY_RGEUNCHEY_RDG_E_RA,29.0644,-2.1562,0.0000,31.2206
01/26/2025 08:05:00,01/26/2025 14:05:00,PSCO.PSCM.CHYW.WND,PSCOCHEY_RGWUNCHEY_RDG_W_RA,29.0836,-2.1370,0.0000,31.2206
01/26/2025 08:05:00,01/26/2025 14:05:00,PSCO.PSCM.COLG.WND,PSCOCOGRUNCO_GREEN_WND_RA,26.8242,-4.3964,0.0000,31.2206
01/26/2025 08:05:00,01/26/2025 14:05:00,PSCO.PSCM.COMAG2,PSCOCOMAUNCOMANCHE2_RA,30.1073,-1.1133,0.0000,31.2206
01/26/2025 08:05:00,01/26/2025 14:05:00,PSCO.PSCM.COMAG3,PSCOCOMAUNCOMANCHE3_RA,30.1332,-1.0874,0.0000,31.2206
01/26/2025 08:05:00,01/26/2025 14:05:00,PSCO.PSCM.COMANCHE.SLR,PSCOCOMAUNCOMANCHE_SOLAR_RA,30.1073,-1.1133,0.0000,31.2206
01/26/2025 08:05:00,01/26/2025 14:05:00,PSCO.PSCM.FLUPG1,PSCOFLUPUNFT_LUPTON_1_RA,30.9730,-0.2476,0.0000,31.2206
01/26/2025 08:05:00,01/26/2025 14:05:00,PSCO.PSCM.FLUPG2,PSCOFLUPUNFT_LUPTON_2_RA,30.9730,-0.2476,0.0000,31.2206
01/26/2025 08:05:00,01/26/2025 14:05:00,PSCO.PSCM.FRUIG1,PSCOFRUIUNFRUITA_CT_RA,32.5469,1.3262,0.0000,31.2207
01/26/2025 08:05:00,01/26/2025 14:05:00,PSCO.PSCM.FSVR.CC,PSCOPSCOFSVRPLT1,30.5253,-0.6953,0.0000,31.2206
01/26/2025 08:05:00,01/26/2025 14:05:00,PSCO.PSCM.FSVRG5,PSCOFSVRUNFT_STVRAIN_5_RA,30.5780,-0.6426,0.0000,31.2206
01/26/2025 08:05:00,01/26/2025 14:05:00,PSCO.PSCM.FSVRG6,PSCOFSVRUNFT_STVRAIN_6_RA,30.5780,-0.6426,0.0000,31.2206
01/26/2025 08:05:00,01/26/2025 14:05:00,PSCO.PSCM.FVNGG1,PSCOFVNGUNFOUNTAIN_VLY1_RA,30.8371,-0.3835,0.0000,31.2206
01/26/2025 08:05:00,01/26/2025 14:05:00,PSCO.PSCM.FVNGG2,PSCOFVNGUNFOUNTAIN_VLY2_RA,30.8371,-0.3835,0.0000,31.2206
01/26/2025 08:05:00,01/26/2025 14:05:00,PSCO.PSCM.FVNGG3,PSCOFVNGUNFOUNTAIN_VLY3_RA,30.8371,-0.3835,0.0000,31.2206
01/26/2025 08:05:00,01/26/2025 14:05:00,PSCO.PSCM.FVNGG4,PSCOFVNGUNFOUNTAIN_VLY4_RA,30.8371,-0.3835,0.0000,31.2206
01/26/2025 08:05:00,01/26/2025 14:05:00,PSCO.PSCM.FVNGG5,PSCOFVNGUNFOUNTAIN_VLY5_RA,30.8371,-0.3835,0.0000,31.2206
01/26/2025 08:05:00,01/26/2025 14:05:00,PSCO.PSCM.FVNGG6,PSCOFVNGUNFOUNTAIN_VLY6_RA,30.8371,-0.3835,0.0000,31.2206
01/26/2025 08:05:00,01/26/2025 14:05:00,PSCO.PSCM.GWEST.WND,PSCOGOLDWESTUNGOLDEN_W_WND_RA,31.0863,-0.1343,0.0000,31.2206
01/26/2025 08:05:00,01/26/2025 14:05:00,PSCO.PSCM.HAYDG1,PSCOHAYDNUNHAYDEN_1_RA,31.0954,-0.1252,0.0000,31.2206
01/26/2025 08:05:00,01/26/2025 14:05:00,PSCO.PSCM.HAYDG2,PSCOHAYDNUNHAYDEN_2_RA,31.1042,-0.1164,0.0000,31.2206
01/26/2025 08:05:00,01/26/2025 14:05:00,PSCO.PSCM.HOOPER.SLR,PSCOSLVAUNHOOPER_SOLAR_RA,32.4690,1.2484,0.0000,31.2206
01/26/2025 08:05:00,01/26/2025 14:05:00,PSCO.PSCM.LIMO12.WND,PSCOLIMOUNLIMO_G1_G2_RA,29.9928,-1.2279,0.0000,31.2207
01/26/2025 08:05:00,01/26/2025 14:05:00,PSCO.PSCM.LIMO3.WND,PSCOLIMOUNLIMO_G3_RA,29.9928,-1.2279,0.0000,31.2207
01/26/2025 08:05:00,01/26/2025 14:05:00,PSCO.PSCM.LOGA.WND,PSCOPTZLOGANUNWIND1_2_3_4_RA,29.9842,-1.2365,0.0000,31.2207
01/26/2025 08:05:00,01/26/2025 14:05:00,PSCO.PSCM.MANCG11,PSCOMANGUNMANCHIEF_G1_RA,30.2634,-0.9573,0.0000,31.2207
01/26/2025 08:05:00,01/26/2025 14:05:00,PSCO.PSCM.MANCG12,PSCOMANGUNMANCHIEF_G2_RA,30.2634,-0.9573,0.0000,31.2207
01/26/2025 08:05:00,01/26/2025 14:05:00,PSCO.PSCM.MBRE.WND,PSCOMTBREEZEUNMTBREEZE_WIND_RA,30.3302,-0.8904,0.0000,31.2206
01/26/2025 08:05:00,01/26/2025 14:05:00,PSCO.PSCM.NPTG.BAT,PSCOTUNDRAUNNEPTUNE_BAT_RA,30.2845,-0.9362,0.0000,31.2207
01/26/2025 08:05:00,01/26/2025 14:05:00,PSCO.PSCM.NPTG.SLR,PSCOTUNDRAUNNEPTUNE_SOLAR_RA,30.2845,-0.9362,0.0000,31.2207
01/26/2025 08:05:00,01/26/2025 14:05:00,PSCO.PSCM.PAWNG1,PSCOPAWN1UNPAWN_1_RA,30.2634,-0.9573,0.0000,31.2207
01/26/2025 08:05:00,01/26/2025 14:05:00,PSCO.PSCM.PCOGG2,PSCOPCOGUNPLAINS_END_2_RA,31.4405,0.2199,0.0000,31.2206
01/26/2025 08:05:00,01/26/2025 14:05:00,PSCO.PSCM.PEET.WND,PSCO.PSCM.PEET.WND_H,30.3089,-0.9117,0.0000,31.2206
01/26/2025 08:05:00,01/26/2025 14:05:00,PSCO.PSCM.PENGG1,PSCOPENGUNPLAINS_END_1_RA,31.4395,0.2189,0.0000,31.2206
01/26/2025 08:05:00,01/26/2025 14:05:00,PSCO.PSCM.RCW1.WND,PSCORCWUNRUSH_CRK_1_RA,29.8515,-1.3691,0.0000,31.2206
01/26/2025 08:05:00,01/26/2025 14:05:00,PSCO.PSCM.RCW2.WND,PSCORCWUNRUSH_CRK_2_RA,29.4158,-1.8048,0.0000,31.2206
01/26/2025 08:05:00,01/26/2025 14:05:00,PSCO.PSCM.RMEC.CC,PSCOPSCORMECPLT1,30.5066,-0.7140,0.0000,31.2206
01/26/2025 08:05:00,01/26/2025 14:05:00,PSCO.PSCM.SANDHILL.SLR,PSCOMOSCUNSANDHILL_SOLAR_RA,33.0270,1.8064,0.0000,31.2206
01/26/2025 08:05:00,01/26/2025 14:05:00,PSCO.PSCM.SANLUIS.SLR,PSCOSLVAUNSAN_LUIS_SOLAR_RA,32.4178,1.1972,0.0000,31.2206
01/26/2025 08:05:00,01/26/2025 14:05:00,PSCO.PSCM.SHNGG1,PSCOSPINUNSPINDLE_G1_RA,30.3522,-0.8684,0.0000,31.2206
01/26/2025 08:05:00,01/26/2025 14:05:00,PSCO.PSCM.SHNGG2,PSCOSPINUNSPINDLE_G2_RA,30.3522,-0.8684,0.0000,31.2206
01/26/2025 08:05:00,01/26/2025 14:05:00,PSCO.PSCM.SHOS_A,PSCOSHOSUNGENA_RA,31.9922,0.7716,0.0000,31.2206
01/26/2025 08:05:00,01/26/2025 14:05:00,PSCO.PSCM.SHOS_B,PSCOSHOSUNGENB_RA,31.9922,0.7716,0.0000,31.2206
01/26/2025 08:05:00,01/26/2025 14:05:00,PSCO.PSCM.SPCA.WND,PSCOSPCAUNSPR_CANYN_WIND_RA,30.0748,-1.1459,0.0000,31.2207
01/26/2025 08:05:00,01/26/2025 14:05:00,PSCO.PSCM.SUNMTN.SLR,PSCOCOMAUNSUN_MT_SOLAR_RA,30.1073,-1.1133,0.0000,31.2206
01/26/2025 08:05:00,01/26/2025 14:05:00,PSCO.PSCM.TDWG.BAT,PSCOMIRASOLUNTHND_WOLF_BAT_RA,30.7334,-0.4873,0.0000,31.2207
01/26/2025 08:05:00,01/26/2025 14:05:00,PSCO.PSCM.TDWG.SLR,PSCOMIRASOLUNTH_WOLF_SOLAR_RA,30.7334,-0.4873,0.0000,31.2207
01/26/2025 08:05:00,01/26/2025 14:05:00,PSCO.PSCM.TITAN.SLR,PSCOMSSTUNTITAN_SOLAR_RA,30.3314,-0.8892,0.0000,31.2206
01/26/2025 08:05:00,01/26/2025 14:05:00,PSCO.PSCM.TWIB.WND,PSCOCOGRUNPSCM_TWNBUT1_RA,26.7871,-4.4335,0.0000,31.2206
01/26/2025 08:05:00,01/26/2025 14:05:00,PSCO.PSCM.VALMG6,PSCOVALMUNVALMONT_6_RA,31.7422,0.5216,0.0000,31.2206
01/26/2025 08:05:00,01/26/2025 14:05:00,PSCO.PSCM.VALMG7,PSCOVALMUNVALMONT_7_RA,31.7415,0.5209,0.0000,31.2206
01/26/2025 08:05:00,01/26/2025 14:05:00,PSCO.PSCM.VALMG8,PSCOVALMUNVALMONT_8_RA,31.7415,0.5209,0.0000,31.2206
01/26/2025 08:05:00,01/26/2025 14:05:00,PSCO.TSPM.BOULDERHYDRO,PSCOSUNS1UNSUNSHINE_HYD_RA,31.9795,0.7589,0.0000,31.2206
01/26/2025 08:05:00,01/26/2025 14:05:00,PSCO.TSPM.JMSHAFER,PSCOTGT2JMSHAFERPLT1,30.7914,-0.4292,0.0000,31.2206
01/26/2025 08:05:00,01/26/2025 14:05:00,PSCO.TSPM.KNUTSON1,PSCO.TSPM.KNUTSON1_H,30.9137,-0.3069,0.0000,31.2206
01/26/2025 08:05:00,01/26/2025 14:05:00,PSCO.TSPM.KNUTSON2,PSCO.TSPM.KNUTSON2_H,30.9137,-0.3069,0.0000,31.2206
01/26/2025 08:05:00,01/26/2025 14:05:00,PSCO.TSPM.SANISABEL,PSCOTYRSUNSAN_ISABEL_RA,31.5448,0.3241,0.0000,31.2207
01/26/2025 08:05:00,01/26/2025 14:05:00,PSCO.TSPM.SPANISHPEAKS1,PSCOVALNTUNSPANISH_PEAKS_RA,31.3349,0.1143,0.0000,31.2206
01/26/2025 08:05:00,01/26/2025 14:05:00,PSCO.TSPM.TWINBUTTESII,PSCOCOGRUNTSGT_TWNBUT2_RA,26.7703,-4.4503,0.0000,31.2206
01/26/2025 08:05:00,01/26/2025 14:05:00,PSCO.UPIP.ALAMOSA,PSCOBLNCUNBLANCAPK_SLR_RA,32.6807,1.4601,0.0000,31.2206
01/26/2025 08:05:00,01/26/2025 14:05:00,PSCO.UPIP.KNUTSON1,PSCOBRSWUNKNUTSON1_RA,30.9137,-0.3069,0.0000,31.2206
01/26/2025 08:05:00,01/26/2025 14:05:00,PSCO.UPIP.KNUTSON2,PSCOBRSWUNKNUTSON2_RA,30.9137,-0.3069,0.0000,31.2206
01/26/2025 08:05:00,01/26/2025 14:05:00,PSCO.UPIP.PARKWAY,PSCOFLUPUNPARKWY_MSR_GEN_RA,30.9730,-0.2476,0.0000,31.2206
01/26/2025 08:05:00,01/26/2025 14:05:00,PSCO.UPIP.PLATTEVALLEY,PSCOPVALUNPVAL_MSR_GEN_RA,31.1896,-0.0310,0.0000,31.2206
01/26/2025 08:05:00,01/26/2025 14:05:00,PSCO.UPIP.RATTLESNAKE,PSCODAV_MSRUNRATTL_MSR_GEN_RA,31.1186,-0.1021,0.0000,31.2207
01/26/2025 08:05:00,01/26/2025 14:05:00,PSCO.UPIP.TESLA,PSCOBARRUNTESLA_MSR_GEN_H,30.9137,-0.3069,0.0000,31.2206
01/26/2025 08:05:00,01/26/2025 14:05:00,PSCO_BHCE,PSCO_BHCE_LA,30.7042,-0.5165,0.0000,31.2207
01/26/2025 08:05:00,01/26/2025 14:05:00,PSCO_CRSP,PSCO_CRSP_LA,32.1470,0.9264,0.0000,31.2206
01/26/2025 08:05:00,01/26/2025 14:05:00,PSCO_MEAN_W,PSCO_MEAN_W_LA,32.5593,1.3387,0.0000,31.2206
01/26/2025 08:05:00,01/26/2025 14:05:00,PSCO_PRPM_PR,PSCO_PRPM_PR_LA,30.7489,-0.4717,0.0000,31.2206
01/26/2025 08:05:00,01/26/2025 14:05:00,PSCO_PSCM_PSCO_PSCM,PSCO_PSCM_PSCO_PSCM_LA,31.4438,0.2232,0.0000,31.2206
01/26/2025 08:05:00,01/26/2025 14:05:00,PSCO_PSCM_PSCP_ARPA,PSCO_PSCM_PSCP_ARPA_LA,29.0161,-2.2045,0.0000,31.2206
01/26/2025 08:05:00,01/26/2025 14:05:00,PSCO_PSCO_PSCO_RPSP,PSCO_PSCO_PSCO_RPSP_LA,31.9043,0.6836,0.0000,31.2207
01/26/2025 08:05:00,01/26/2025 14:05:00,PSCO_TSPM_TS,PSCO_TSPM_TS_LA,31.2986,0.0780,0.0000,31.2206
01/26/2025 08:05:00,01/26/2025 14:05:00,PSCO_UPIP_UPI,PSCO_UPIP_UPI_LA,31.2671,0.0464,0.0000,31.2207
01/26/2025 08:05:00,01/26/2025 14:05:00,PSEI,PSEI,31.6936,0.4730,0.0000,31.2206
01/26/2025 08:05:00,01/26/2025 14:05:00,RCDC,RCDC,30.2900,-0.9306,0.0000,31.2206
01/26/2025 08:05:00,01/26/2025 14:05:00,SCE,CISO,31.9462,0.7256,0.0000,31.2206
01/26/2025 08:05:00,01/26/2025 14:05:00,SCL,SCL,31.6926,0.4720,0.0000,31.2206
01/26/2025 08:05:00,01/26/2025 14:05:00,SCSW,SCSW,30.1401,-1.0805,0.0000,31.2206
01/26/2025 08:05:00,01/26/2025 14:05:00,SDGE,CISO,31.9462,0.7256,0.0000,31.2206
01/26/2025 08:05:00,01/26/2025 14:05:00,SGDC,SGDC,30.0164,-1.2042,0.0000,31.2206
01/26/2025 08:05:00,01/26/2025 14:05:00,SRP,SRP,32.1591,0.9385,0.0000,31.2206
01/26/2025 08:05:00,01/26/2025 14:05:00,TEPC,TEPC,32.1969,0.9762,0.0000,31.2207
01/26/2025 08:05:00,01/26/2025 14:05:00,TID,TID,31.8916,0.6710,0.0000,31.2206
01/26/2025 08:05:00,01/26/2025 14:05:00,TPWR,TPWR,31.6951,0.4745,0.0000,31.2206
01/26/2025 08:05:00,01/26/2025 14:05:00,VEA,NVE,32.0327,0.8120,0.0000,31.2207
01/26/2025 08:05:00,01/26/2025 14:05:00,WACM.BEPM.ARVADA,WACMARV_WACMUNBEPM_ARVA_RA,29.8002,-1.4204,0.0000,31.2206
01/26/2025 08:05:00,01/26/2025 14:05:00,WACM.BEPM.BARBERCK,WACMBARBERCKUNBARBER_CREEK_RA,30.0936,-1.1270,0.0000,31.2206
01/26/2025 08:05:00,01/26/2025 14:05:00,WACM.BEPM.DRYFORK,WACMDRY_FORKUNG1_RA,29.7841,-1.4365,0.0000,31.2206
01/26/2025 08:05:00,01/26/2025 14:05:00,WACM.BEPM.HARTZOG,WACMPUMPKINUNHARTZOG_RA,30.2128,-1.0078,0.0000,31.2206
01/26/2025 08:05:00,01/26/2025 14:05:00,WACM.BEPM.LRS2,WACMLAR_RIVRUNG2_RA,29.5633,-1.6573,0.0000,31.2206
01/26/2025 08:05:00,01/26/2025 14:05:00,WACM.BEPM.LRS3,WACMLAR_RIVRUNG3_RA,29.5924,-1.6282,0.0000,31.2206
01/26/2025 08:05:00,01/26/2025 14:05:00,WACM.BHP.BENDL,WACMBHPBENFRNCHPLT1,30.3518,-0.8688,0.0000,31.2206
01/26/2025 08:05:00,01/26/2025 14:05:00,WACM.BHP.BFRENCHCT1,WACMBENFRNCHUNBFRENCHCT1_RA,30.3518,-0.8688,0.0000,31.2206
01/26/2025 08:05:00,01/26/2025 14:05:00,WACM.BHP.BFRENCHCT2,WACMBENFRNCHUNBFRENCHCT2_RA,30.3518,-0.8688,0.0000,31.2206
01/26/2025 08:05:00,01/26/2025 14:05:00,WACM.BHP.BFRENCHCT3,WACMBENFRNCHUNBFRENCHCT3_RA,30.3518,-0.8688,0.0000,31.2206
01/26/2025 08:05:00,01/26/2025 14:05:00,WACM.BHP.BFRENCHCT4,WACMBENFRNCHUNBFRENCHCT4_RA,30.1753,-1.0453,0.0000,31.2206
01/26/2025 08:05:00,01/26/2025 14:05:00,WACM.BHP.CORRIEDALE,WACMCORRIEDAUNWINDFARM_RA,30.7507,-0.4699,0.0000,31.2206
01/26/2025 08:05:00,01/26/2025 14:05:00,WACM.BHP.CPGS1,WACMBHPCHEY_PRAPLT1,30.3610,-0.8596,0.0000,31.2206
01/26/2025 08:05:00,01/26/2025 14:05:00,WACM.BHP.FALLRIVER,WACMFALLRVRUNFALLRVR_SOLAR_RA,30.2149,-1.0057,0.0000,31.2206
01/26/2025 08:05:00,01/26/2025 14:05:00,WACM.BHP.HJWF,WACMHAPPYJCKUNHJ_WIND_RA,30.6926,-0.5280,0.0000,31.2206
01/26/2025 08:05:00,01/26/2025 14:05:00,WACM.BHP.LANGE,WACMLANGEUNLANGE_CT_RA,30.1212,-1.0994,0.0000,31.2206
01/26/2025 08:05:00,01/26/2025 14:05:00,WACM.BHP.NSCT1,WACMNEIL_GENUNNSCT1_RA,29.6846,-1.5360,0.0000,31.2206
01/26/2025 08:05:00,01/26/2025 14:05:00,WACM.BHP.NSS2,WACMNEIL_GENUNNSS2_RA,29.7058,-1.5148,0.0000,31.2206
01/26/2025 08:05:00,01/26/2025 14:05:00,WACM.BHP.SPEARFISH,WACMSPRFS_TPUNSPEARFSH_HYDRO_RA,30.5674,-0.6532,0.0000,31.2206
01/26/2025 08:05:00,01/26/2025 14:05:00,WACM.BHP.SSWF,WACMHAPPYJCKUNSILVER_SAGE_RA,30.6926,-0.5280,0.0000,31.2206
01/26/2025 08:05:00,01/26/2025 14:05:00,WACM.BHP.WYGEN1,WACMDONKYCRKUNWYGEN1_BHP_RA,29.5963,-1.6243,0.0000,31.2206
01/26/2025 08:05:00,01/26/2025 14:05:00,WACM.BHP.WYGEN3,WACMDONKYCRKUNWYGEN3_BHP_RA,29.6511,-1.5696,0.0000,31.2207
01/26/2025 08:05:00,01/26/2025 14:05:00,WACM.BHP.WYODAK,WACMWYO_WACMUNWACM_BHPM_HYD_RA,29.8175,-1.4031,0.0000,31.2206
01/26/2025 08:05:00,01/26/2025 14:05:00,WACM.CK.NORTHRANGE,CK_DDR,30.8103,-0.4103,0.0000,31.2206
01/26/2025 08:05:00,01/26/2025 14:05:00,WACM.CLFP.CPGS2A,WACMCHEY_PRAUNCPGS2A_RA,30.5438,-0.6768,0.0000,31.2206
01/26/2025 08:05:00,01/26/2025 14:05:00,WACM.CLFP.WYGEN2,WACMDONKYCRKUNWYGEN2_CLFP_RA,29.6319,-1.5887,0.0000,31.2206
01/26/2025 08:05:00,01/26/2025 14:05:00,WACM.COG.COGCT2,WACMNEIL_GENUNCOGCT2_RA,29.6853,-1.5353,0.0000,31.2206
01/26/2025 08:05:00,01/26/2025 14:05:00,WACM.CRSP.BM,WACMBMUNBM_PLT,32.5933,1.3727,0.0000,31.2206
01/26/2025 08:05:00,01/26/2025 14:05:00,WACM.CRSP.CR,WACMCRYUNCR1_RA,32.3007,1.0800,0.0000,31.2207
01/26/2025 08:05:00,01/26/2025 14:05:00,WACM.CRSP.DRC,WACMDRCRKUNDEER_CRK_RA,31.6711,0.4505,0.0000,31.2206
01/26/2025 08:05:00,01/26/2025 14:05:00,WACM.CRSP.FG,WACMFGSUNFG1_3_PLT,32.1817,0.9611,0.0000,31.2206
01/26/2025 08:05:00,01/26/2025 14:05:00,WACM.CRSP.FON,WACMFGSUNCRSP_FON_RA,32.2715,1.0509,0.0000,31.2206
01/26/2025 08:05:00,01/26/2025 14:05:00,WACM.CRSP.GC230,WACMGCGC7_8_PLT,31.3043,0.0837,0.0000,31.2206
01/26/2025 08:05:00,01/26/2025 14:05:00,WACM.CRSP.GC345,WACMGC1_6_PLT,31.3017,0.0810,0.0000,31.2207
01/26/2025 08:05:00,01/26/2025 14:05:00,WACM.CRSP.MCPH,WACMGREATCUTUNCRSP_MCPH_RA,33.1094,1.8888,0.0000,31.2206
01/26/2025 08:05:00,01/26/2025 14:05:00,WACM.CRSP.MOL,WACMMOLINA_UP_LO_PLT,32.2744,1.0537,0.0000,31.2207
01/26/2025 08:05:00,01/26/2025 14:05:00,WACM.CRSP.MP,WACMMPTUNMP_PLT,32.3095,1.0888,0.0000,31.2207
01/26/2025 08:05:00,01/26/2025 14:05:00,WACM.CRSP.TOW,WACMTOWAOCUNTOWAOC_RA,32.9674,1.7468,0.0000,31.2206
01/26/2025 08:05:00,01/26/2025 14:05:00,WACM.CS.EASTBUSINESSPARK,CSEB_DDR,30.5830,-0.6376,0.0000,31.2206
01/26/2025 08:05:00,01/26/2025 14:05:00,WACM.CS.NORTHRANGE,CS_DDR,30.8103,-0.4103,0.0000,31.2206
01/26/2025 08:05:00,01/26/2025 14:05:00,WACM.CSUM.CSRSOLAR,WACMRDNIXONUNCSRSOLAR_RA,30.8631,-0.3575,0.0000,31.2206
01/26/2025 08:05:00,01/26/2025 14:05:00,WACM.CSUM.FRT_RNG,WACMFRONTRANPLT1,30.8500,-0.3706,0.0000,31.2206
01/26/2025 08:05:00,01/26/2025 14:05:00,WACM.CSUM.FULLER_BESS,WACMW_FULLERUNFULLER_MSR_RA,31.1543,-0.0664,0.0000,31.2207
01/26/2025 08:05:00,01/26/2025 14:05:00,WACM.CSUM.GRAZINYAKSOLAR,WACMGOLDWACMUNGRAZINYAKSOLAR_RA,31.0890,-0.1316,0.0000,31.2206
01/26/2025 08:05:00,01/26/2025 14:05:00,WACM.CSUM.NORTHPLANT1,WACMNORTHPLAUNNORTHPLANT1_RA,31.4099,0.1893,0.0000,31.2206
01/26/2025 08:05:00,01/26/2025 14:05:00,WACM.CSUM.NORTHPLANT2,WACMNORTHPLAUNNORTHPLANT2_RA,31.4075,0.1869,0.0000,31.2206
01/26/2025 08:05:00,01/26/2025 14:05:00,WACM.CSUM.NORTHPLANT3,WACMNORTHPLAUNNORTHPLANT3_RA,31.4075,0.1869,0.0000,31.2206
01/26/2025 08:05:00,01/26/2025 14:05:00,WACM.CSUM.PALMERSOLAR,WACMWILLSCRKUNPALMERSOLAR_RA,30.9228,-0.2978,0.0000,31.2206
01/26/2025 08:05:00,01/26/2025 14:05:00,WACM.CSUM.PIKESOLAR,WACMWILLSCRKUNPIKE_SOLAR_RA,30.9228,-0.2978,0.0000,31.2206
01/26/2025 08:05:00,01/26/2025 14:05:00,WACM.CSUM.RD_NIXON_1,WACMRDNIXONUNRD_NIXON_1_RA,30.8931,-0.3275,0.0000,31.2206
01/26/2025 08:05:00,01/26/2025 14:05:00,WACM.CSUM.RD_NIXON_2,WACMRDNIXONUNRD_NIXON_2_RA,30.8931,-0.3275,0.0000,31.2206
01/26/2025 08:05:00,01/26/2025 14:05:00,WACM.CSUM.RD_NIXON_3,WACMRDNIXONUNRD_NIXON_3_RA,30.8931,-0.3275,0.0000,31.2206
01/26/2025 08:05:00,01/26/2025 14:05:00,WACM.CSUM.SOUTHPLANT_AG1,WACMSOUTHPLAPLT1,31.2863,0.0657,0.0000,31.2206
01/26/2025 08:05:00,01/26/2025 14:05:00,WACM.CSUM.SOUTHPLANT_AG2,WACMSOUTHPLAPLT2,31.2863,0.0657,0.0000,31.2206
01/26/2025 08:05:00,01/26/2025 14:05:00,WACM.CSUM.TESSLA,WACMTESLA_HYUNTESSLA_RA,31.2735,0.0529,0.0000,31.2206
01/26/2025 08:05:00,01/26/2025 14:05:00,WACM.DMEA.DROP1,WACMBULLOCKUNWACM_DMEA_BUL1_RA,32.8403,1.6197,0.0000,31.2206
01/26/2025 08:05:00,01/26/2025 14:05:00,WACM.DMEA.DROP3,WACMBULLOCKUNWACM_DMEA_BUL3_RA,32.8403,1.6197,0.0000,31.2206
01/26/2025 08:05:00,01/26/2025 14:05:00,WACM.DMEA.DROP5,WACMBULLOCKUNWACM_DMEA_BUL5_RA,32.8403,1.6197,0.0000,31.2206
01/26/2025 08:05:00,01/26/2025 14:05:00,WACM.FEUS.BLUFFVIEW,WACMBLUFVIEWUN_PLT,31.7402,0.5196,0.0000,31.2206
01/26/2025 08:05:00,01/26/2025 14:05:00,WACM.FEUS.NAVAJO,WACMNAV_DAMUNGEN_PLT,32.8259,1.6052,0.0000,31.2207
01/26/2025 08:05:00,01/26/2025 14:05:00,WACM.GPM.ASHMESA,WACMGARNETMEUNASHMESA_RA,32.8191,1.5985,0.0000,31.2206
01/26/2025 08:05:00,01/26/2025 14:05:00,WACM.GPM.PANORAMA,WACMRED_TAILUNPANORAMA_RA,30.1825,-1.0381,0.0000,31.2206
01/26/2025 08:05:00,01/26/2025 14:05:00,WACM.KIMB.WIND,WACMKIMBALLCUNWINDFARM_7UN_RA,30.5586,-0.6620,0.0000,31.2206
01/26/2025 08:05:00,01/26/2025 14:05:00,WACM.LACO.LRS,WACMLAR_RIVRUNWACM_LACO_PLT,29.5779,-1.6427,0.0000,31.2206
01/26/2025 08:05:00,01/26/2025 14:05:00,WACM.LAPM.ALCOVA,WACMALCOVA1_2_PLT,30.3859,-0.8347,0.0000,31.2206
01/26/2025 08:05:00,01/26/2025 14:05:00,WACM.LAPM.BIGTHOMPSON,WACMBIGTHOMPUNG1_RA,30.9827,-0.2379,0.0000,31.2206
01/26/2025 08:05:00,01/26/2025 14:05:00,WACM.LAPM.BOYSEN,WACMBOYSEN_1_2_PLT,31.8046,0.5840,0.0000,31.2206
01/26/2025 08:05:00,01/26/2025 14:05:00,WACM.LAPM.BUFFALOBILL,WACMBUFFBLPP1_3_PLT,32.0126,0.7919,0.0000,31.2207
01/26/2025 08:05:00,01/26/2025 14:05:00,WACM.LAPM.ESTES,WACMESTES1_3_PLT,30.6676,-0.5531,0.0000,31.2207
01/26/2025 08:05:00,01/26/2025 14:05:00,WACM.LAPM.FLATIRON,WACMFLATIRON1_3_PLT,30.4862,-0.7344,0.0000,31.2206
01/26/2025 08:05:00,01/26/2025 14:05:00,WACM.LAPM.FREMONTCANYON,WACMFREMONRDCYN1_2_PLT,30.1785,-1.0421,0.0000,31.2206
01/26/2025 08:05:00,01/26/2025 14:05:00,WACM.LAPM.GLENDO,WACMGLENDO_1_2_PLT,30.6548,-0.5658,0.0000,31.2206
01/26/2025 08:05:00,01/26/2025 14:05:00,WACM.LAPM.GREENMOUNTAIN,WACMGREENMTN1_2_PLT,31.7313,0.5107,0.0000,31.2206
01/26/2025 08:05:00,01/26/2025 14:05:00,WACM.LAPM.GUERNSEY,WACMLIMESTRDUNGUERNSEY1_2_PLT,30.7628,-0.4578,0.0000,31.2206
01/26/2025 08:05:00,01/26/2025 14:05:00,WACM.LAPM.HEARTMOUNTAIN,WACMHEARTMTUNHEART_MT_RA,32.0020,0.7813,0.0000,31.2207
01/26/2025 08:05:00,01/26/2025 14:05:00,WACM.LAPM.KORTES,WACMKORTES1_3_PLT,30.6561,-0.5645,0.0000,31.2206
01/26/2025 08:05:00,01/26/2025 14:05:00,WACM.LAPM.MARYSLAKE,WACMMARYLKPPUNMARYLKPP_RA,30.7085,-0.5121,0.0000,31.2206
01/26/2025 08:05:00,01/26/2025 14:05:00,WACM.LAPM.MTELBERT,WACMMT_ELBRT1_2_PLT,31.8752,0.6546,0.0000,31.2206
01/26/2025 08:05:00,01/26/2025 14:05:00,WACM.LAPM.POLEHLL,WACMPOLEHILLUNPOLEHILL_RA,30.5270,-0.6936,0.0000,31.2206
01/26/2025 08:05:00,01/26/2025 14:05:00,WACM.LAPM.SEMINOE,WACMSEMINOE1_3_PLT,30.6487,-0.5720,0.0000,31.2207
01/26/2025 08:05:00,01/26/2025 14:05:00,WACM.LAPM.SHOSHONE,WACMSHOSHONEUNSHOSHONE_RA,31.4440,0.2234,0.0000,31.2206
01/26/2025 08:05:00,01/26/2025 14:05:00,WACM.LAPM.SPIRITMOUNTAIN,WACMBUFFBLPPUNSPIRIT_MTNPP_RA,32.0126,0.7919,0.0000,31.2207
01/26/2025 08:05:00,01/26/2025 14:05:00,WACM.LAPM.YELLOWTAIL115,WACMYELLOWBRUNYTAIL1_2_PLT,30.4624,-0.7583,0.0000,31.2207
01/26/2025 08:05:00,01/26/2025 14:05:00,WACM.LAPM.YELLOWTAIL230,WACMYELLOWBRUNYTAIL3_4_PLT,30.5780,-0.6426,0.0000,31.2206
01/26/2025 08:05:00,01/26/2025 14:05:00,WACM.LPC1.RHII,WACMW_CHEYENUNROUNDHSE_II_RA,30.7512,-0.4694,0.0000,31.2206
01/26/2025 08:05:00,01/26/2025 14:05:00,WACM.LPC1.SC,WACMSWEETGRAUNSOCHEY_SLR_RA,30.6474,-0.5732,0.0000,31.2206
01/26/2025 08:05:00,01/26/2025 14:05:00,WACM.M1.NORTHRANGE,WACM.M1.NORTHRANGE_H,30.8103,-0.4103,0.0000,31.2206
01/26/2025 08:05:00,01/26/2025 14:05:00,WACM.MEAN.LAR.RIVR.G2,WACMLAR_RIVRUNWACM_MEAN_G2_RA,29.5633,-1.6573,0.0000,31.2206
01/26/2025 08:05:00,01/26/2025 14:05:00,WACM.MEAN.LAR.RIVR.G3,WACMLAR_RIVRUNWACM_MEAN_G3_RA,29.5924,-1.6282,0.0000,31.2206
01/26/2025 08:05:00,01/26/2025 14:05:00,WACM.MEAN.RIDGWAY,WACMW_SCNUNWACM_MEAN_COWC_RA,32.6623,1.4417,0.0000,31.2206
01/26/2025 08:05:00,01/26/2025 14:05:00,WACM.MEAN.SHAVANO.DROP.4,WACMEMNTUNWACM_MEAN_4_RA,32.7905,1.5698,0.0000,31.2207
01/26/2025 08:05:00,01/26/2025 14:05:00,WACM.MEAN.SHAVANO.DROP.6,BULLOCKUNWACM_MEAN_BUL6_RA,32.8403,1.6197,0.0000,31.2206
01/26/2025 08:05:00,01/26/2025 14:05:00,WACM.MEAN.WYGEN1,WACMDONKYCRKUNWYGEN1_MEAN_RA,29.5963,-1.6243,0.0000,31.2206
01/26/2025 08:05:00,01/26/2025 14:05:00,WACM.NTUA.KAYENTA,WACMKAYUNKAYENTA_PLT,31.9159,0.6952,0.0000,31.2207
01/26/2025 08:05:00,01/26/2025 14:05:00,WACM.PACE.CRAIG,WACMCRGCUUNWACM_PACE_PLT,31.1319,-0.0887,0.0000,31.2206
01/26/2025 08:05:00,01/26/2025 14:05:00,WACM.PSC2.AMES,WACMAMESWUNWACM_HYDRO_RA,33.9826,2.7620,0.0000,31.2206
01/26/2025 08:05:00,01/26/2025 14:05:00,WACM.PSC2.CRAIG,WACMCRGCUUNWACM_PSCO_PLT,31.1321,-0.0886,0.0000,31.2207
01/26/2025 08:05:00,01/26/2025 14:05:00,WACM.PSC2.TACOMA,WACMTACOUNWACM_HYDRO_RA,34.2061,2.9854,0.0000,31.2207
01/26/2025 08:05:00,01/26/2025 14:05:00,WACM.SRPM.CRAIG,WACMCRGCUUNWACM_SRPM_PLT,31.1320,-0.0886,0.0000,31.2206
01/26/2025 08:05:00,01/26/2025 14:05:00,WACM.TSPM.BURLINGTON1,WACMBURLNGTNUNBURLINGTON_1_RA,29.4783,-1.7424,0.0000,31.2207
01/26/2025 08:05:00,01/26/2025 14:05:00,WACM.TSPM.BURLINGTON2,WACMBURLNGTNUNBURLINGTON_2_RA,29.4779,-1.7428,0.0000,31.2207
01/26/2025 08:05:00,01/26/2025 14:05:00,WACM.TSPM.CAROUSEL,WACMBURLNGTNUNCAROUSEL_RA,29.4884,-1.7322,0.0000,31.2206
01/26/2025 08:05:00,01/26/2025 14:05:00,WACM.TSPM.CHW,WACMWWILDHORUNCO_HI_WIND_RA,29.4542,-1.7664,0.0000,31.2206
01/26/2025 08:05:00,01/26/2025 14:05:00,WACM.TSPM.CRAIG1,WACMCRGCUUNWACM_TSPM_U1_RA,31.1307,-0.0899,0.0000,31.2206
01/26/2025 08:05:00,01/26/2025 14:05:00,WACM.TSPM.CRAIG2,WACMCRGCUUNWACM_TSPM_U2_RA,31.1334,-0.0872,0.0000,31.2206
01/26/2025 08:05:00,01/26/2025 14:05:00,WACM.TSPM.CRAIG3,WACMCRGCUUNCRG_U3_RA,31.1518,-0.0688,0.0000,31.2206
01/26/2025 08:05:00,01/26/2025 14:05:00,WACM.TSPM.CTW,WACMWINDTALKUNCROSNGTR_WIND_RA,29.5896,-1.6310,0.0000,31.2206
01/26/2025 08:05:00,01/26/2025 14:05:00,WACM.TSPM.GARLAND,WACMWRALSTONUNTSPM_GARLAND_RA,31.9639,0.7433,0.0000,31.2206
01/26/2025 08:05:00,01/26/2025 14:05:00,WACM.TSPM.JENKINS,WACM.TSPM.JENKINS_H,31.1186,-0.1021,0.0000,31.2207
01/26/2025 08:05:00,01/26/2025 14:05:00,WACM.TSPM.KCW,WACMLANDSMANUNKIT_CARSON_RA,29.3916,-1.8290,0.0000,31.2206
01/26/2025 08:05:00,01/26/2025 14:05:00,WACM.TSPM.LIMON1,WACMLINCOLRDUNLIMON_1_RA,30.3180,-0.9026,0.0000,31.2206
01/26/2025 08:05:00,01/26/2025 14:05:00,WACM.TSPM.LIMON2,WACMLINCOLRDUNLIMON_2_RA,30.3180,-0.9026,0.0000,31.2206
01/26/2025 08:05:00,01/26/2025 14:05:00,WACM.TSPM.LRS2,WACMLAR_RIVRUNWACM_TSPM_G2_RA,29.5633,-1.6573,0.0000,31.2206
01/26/2025 08:05:00,01/26/2025 14:05:00,WACM.TSPM.LRS3,WACMLAR_RIVRUNWACM_TSPM_G3_RA,29.5924,-1.6282,0.0000,31.2206
01/26/2025 08:05:00,01/26/2025 14:05:00,WACM.TSPM.NIYOL,WACMN_YUMAUNWACM_TSPM_NIYL_RA,29.8843,-1.3363,0.0000,31.2206
01/26/2025 08:05:00,01/26/2025 14:05:00,WACM.TSPM.PLATTE,WACM.TSPM.PLATTE_H,31.1186,-0.1021,0.0000,31.2207
01/26/2025 08:05:00,01/26/2025 14:05:00,WACM.TSPM.RIDGWAY,WACM.TSPM.RIDGWAY_H,32.6623,1.4417,0.0000,31.2206
01/26/2025 08:05:00,01/26/2025 14:05:00,WACM.UPIW.BROMLEY,WACMBROMUNBROM_MSR_GEN_RA,31.0069,-0.2137,0.0000,31.2206
01/26/2025 08:05:00,01/26/2025 14:05:00,WACM.UPIW.DAVIS,WACMDAVSLRUNDAVIS_MSR_GEN_RA,31.1186,-0.1021,0.0000,31.2207
01/26/2025 08:05:00,01/26/2025 14:05:00,WACM.UPIW.FREDERICK,WACMDACONOUNFRED_MSR_GEN_RA,31.1662,-0.0544,0.0000,31.2206
01/26/2025 08:05:00,01/26/2025 14:05:00,WACM.UPIW.JENKINS,WACMDAVSLRUNTGT_JENKINS_RA,31.1186,-0.1021,0.0000,31.2207
01/26/2025 08:05:00,01/26/2025 14:05:00,WACM.UPIW.MEAD,WACMDELCAMINUNMEAD_MSR_GEN_RA,31.0934,-0.1272,0.0000,31.2206
01/26/2025 08:05:00,01/26/2025 14:05:00,WACM.UPIW.OVERLAND,WACMCOLFERLDUNOVERLAND_RA,31.0963,-0.1243,0.0000,31.2206
01/26/2025 08:05:00,01/26/2025 14:05:00,WACM.UPIW.PLATTE.SLR1,WACMDAVSLRUNTGT_PLATTE_RA,31.1186,-0.1021,0.0000,31.2207
01/26/2025 08:05:00,01/26/2025 14:05:00,WACM.UPIW.PLATTE.SLR2,WACMDAVSLRUNPLATTE2_RA,31.1186,-0.1021,0.0000,31.2207
01/26/2025 08:05:00,01/26/2025 14:05:00,WACM.UPIW.PRAIRIECNTR,WACMPRAI_CTRUNPRAIRIE_MSR_RA,31.0263,-0.1943,0.0000,31.2206
01/26/2025 08:05:00,01/26/2025 14:05:00,WACM.UPIW.TESLA,WACMCOLFERLDUNTESLA_MSR_RA,31.0963,-0.1243,0.0000,31.2206
01/26/2025 08:05:00,01/26/2025 14:05:00,WACM_AZTC,WACM_AZTC_LA,33.0552,1.8346,0.0000,31.2206
01/26/2025 08:05:00,01/26/2025 14:05:00,WACM_BEPM,WACM_BEPM_LA,30.1887,-1.0319,0.0000,31.2206
01/26/2025 08:05:00,01/26/2025 14:05:00,WACM_BHP,WACM_BHP_LA,30.4577,-0.7629,0.0000,31.2206
01/26/2025 08:05:00,01/26/2025 14:05:00,WACM_BHP_COG_W,WACM_BHP_COG_W_LA,29.8002,-1.4204,0.0000,31.2206
01/26/2025 08:05:00,01/26/2025 14:05:00,WACM_BHSU,WACM_BHSU_LA,30.3653,-0.8553,0.0000,31.2206
01/26/2025 08:05:00,01/26/2025 14:05:00,WACM_CLFP,WACM_CLFP_LA,30.6638,-0.5568,0.0000,31.2206
01/26/2025 08:05:00,01/26/2025 14:05:00,WACM_CLFP_CK,WACM_CLFP_CK_LA,30.8103,-0.4103,0.0000,31.2206
01/26/2025 08:05:00,01/26/2025 14:05:00,WACM_CLFP_CS,WACM_CLFP_CS_LA,30.6353,-0.5854,0.0000,31.2207
01/26/2025 08:05:00,01/26/2025 14:05:00,WACM_CLFP_LPCS_MS,WACM_CLFP_LPCS_MS_LA,30.6556,-0.5651,0.0000,31.2207
01/26/2025 08:05:00,01/26/2025 14:05:00,WACM_CLFP_M1,WACM_CLFP_M1_H,30.8103,-0.4103,0.0000,31.2206
01/26/2025 08:05:00,01/26/2025 14:05:00,WACM_CRSP,WACM_CRSP_LA,32.5162,1.2956,0.0000,31.2206
01/26/2025 08:05:00,01/26/2025 14:05:00,WACM_CRSP_DLRS,WACM_CRSP_DLRS_LA,33.1323,1.9117,0.0000,31.2206
01/26/2025 08:05:00,01/26/2025 14:05:00,WACM_CSUM_L_CSU,WACM_CSUM_L_CSU_LA,31.2562,0.0356,0.0000,31.2206
01/26/2025 08:05:00,01/26/2025 14:05:00,WACM_CSUM_L_CSU_FULLRBESS,WACM_CSUM_L_CSU_FULLRBESS_LA,31.1543,-0.0664,0.0000,31.2207
01/26/2025 08:05:00,01/26/2025 14:05:00,WACM_CSUM_L_CSU_NCL,WACM_CSUM_L_CSU_NCL_LA,31.2970,0.0764,0.0000,31.2206
01/26/2025 08:05:00,01/26/2025 14:05:00,WACM_CSUM_L_FOUN,WACM_CSUM_L_FOUN_LA,31.0538,-0.1668,0.0000,31.2206
01/26/2025 08:05:00,01/26/2025 14:05:00,WACM_CSUM_L_OTER,WACM_CSUM_L_OTER_LA,32.1721,0.9515,0.0000,31.2206
01/26/2025 08:05:00,01/26/2025 14:05:00,WACM_DGTM_GARK,WACM_DGTM_GARK_LA,31.3737,0.1531,0.0000,31.2206
01/26/2025 08:05:00,01/26/2025 14:05:00,WACM_DGTM_MNLK,WACM_DGTM_MNLK_LA,32.2596,1.0390,0.0000,31.2206
01/26/2025 08:05:00,01/26/2025 14:05:00,WACM_DMEA,WACM_DMEA_LA,32.7284,1.5078,0.0000,31.2206
01/26/2025 08:05:00,01/26/2025 14:05:00,WACM_FEUS,WACM_FEUS_LA,32.8615,1.6408,0.0000,31.2207
01/26/2025 08:05:00,01/26/2025 14:05:00,WACM_LAPM,WACM_LAPM_LA,31.9263,0.7057,0.0000,31.2206
01/26/2025 08:05:00,01/26/2025 14:05:00,WACM_MEAN_W,WACM_MEAN_LA,31.0003,-0.2204,0.0000,31.2207
01/26/2025 08:05:00,01/26/2025 14:05:00,WACM_NAPI_GALL,WACM_NAPI_GALL_LA,32.3362,1.1156,0.0000,31.2206
01/26/2025 08:05:00,01/26/2025 14:05:00,WACM_NAPI_NIIP,WACM_NAPI_NIIP_LA,32.3362,1.1156,0.0000,31.2206
01/26/2025 08:05:00,01/26/2025 14:05:00,WACM_NPPD,WACM_NPPD_LA,30.6871,-0.5336,0.0000,31.2207
01/26/2025 08:05:00,01/26/2025 14:05:00,WACM_NTUA,WACM_NTUA_LA,32.3038,1.0831,0.0000,31.2207
01/26/2025 08:05:00,01/26/2025 14:05:00,WACM_PACE,WACM_PACE_LA,31.6606,0.4400,0.0000,31.2206
01/26/2025 08:05:00,01/26/2025 14:05:00,WACM_PAGE,WACM_PAGE_LA,31.3476,0.1270,0.0000,31.2206
01/26/2025 08:05:00,01/26/2025 14:05:00,WACM_PSC2,WACM_PSCO_LA,29.5548,-1.6658,0.0000,31.2206
01/26/2025 08:05:00,01/26/2025 14:05:00,WACM_TSPM,WACM_TSPM_LA,31.4236,0.2030,0.0000,31.2206
01/26/2025 08:05:00,01/26/2025 14:05:00,WACM_UPIW_UPI,WACM_UPIW_UPI_LA,31.0910,-0.1296,0.0000,31.2206
01/26/2025 08:05:00,01/26/2025 14:05:00,WACM_WAFB,WACM_WAFB_LA,30.8070,-0.4136,0.0000,31.2206
01/26/2025 08:05:00,01/26/2025 14:05:00,WALC,WALC,32.1464,0.9258,0.0000,31.2206
01/26/2025 08:05:00,01/26/2025 14:05:00,WAUW.BEPM.TIBERHYDRO,WAUWTIBERUNG1_RA,31.4671,0.2465,0.0000,31.2206
01/26/2025 08:05:00,01/26/2025 14:05:00,WAUW.NWMT.TIBERLLC,WAUW.NWMT.TIBERLLC_H,31.4671,0.2465,0.0000,31.2206
01/26/2025 08:05:00,01/26/2025 14:05:00,WAUW.UGPM.FTPECKWEST,WAUWW_FTPECK1_5_PLT,29.0704,-2.1502,0.0000,31.2206
01/26/2025 08:05:00,01/26/2025 14:05:00,WAUW_BEPM,WAUW_BEPM_LA,31.1719,-0.0487,0.0000,31.2206
01/26/2025 08:05:00,01/26/2025 14:05:00,WAUW_NWMT,WAUW_NWMT_LA,30.9307,-0.2899,0.0000,31.2206
01/26/2025 08:05:00,01/26/2025 14:05:00,WAUW_UGPM,WAUW_UGPM_LA,29.8899,-1.3307,0.0000,31.2206
01/26/2025 08:05:00,01/26/2025 14:05:00,WWA,WWA,31.5813,0.3607,0.0000,31.2206
